{"_id":{"$oid":"5de0ed687cd99b23c42c1e2d"},"appartement_id":"1","appartement_ville":"Paris","appartement_categorie":"Maison","appartement_nb_personne":{"$numberInt":"4"},"appartement_montant":{"$numberInt":"100"},"appartement_description":"Maison situee sur Paris pour 4 personnes parfait pour un week-end","__v":{"$numberInt":"0"}}
{"_id":{"$oid":"5de0ee2a7cd99b23c42c1e2e"},"appartement_id":"2","appartement_ville":"Lyon","appartement_categorie":"Maison","appartement_nb_personne":{"$numberInt":"6"},"appartement_montant":{"$numberInt":"150"},"appartement_description":"Maison situee sur Lyon pour 6 personnes parfait pour un week-end","__v":{"$numberInt":"0"}}
{"_id":{"$oid":"5de8f7024661121f7cab04dd"},"appartement_reservation":[],"appartement_id":"3","appartement_ville":"Marseille","appartement_categorie":"Studio","appartement_nb_personne":{"$numberInt":"2"},"appartement_montant":{"$numberInt":"50"},"appartement_description":"Studio situee sur Marseille pour 2 personnes parfait pour un week-end proche de la mer et des cormmerces","__v":{"$numberInt":"0"}}
{"_id":{"$oid":"5de8f7324661121f7cab04de"},"appartement_reservation":[],"appartement_id":"4","appartement_ville":"Lille","appartement_categorie":"Appartement","appartement_nb_personne":{"$numberInt":"3"},"appartement_montant":{"$numberInt":"75"},"appartement_description":"Appartmeent situee sur Lille pour 3 personnes parfait pour un une semaine de vacance proche des lieux touristiques","__v":{"$numberInt":"0"}}
{"_id":{"$oid":"5dea72b3b7b48f700424414b"},"appartement_reservation":[],"appartement_id":"test","appartement_ville":"test","appartement_categorie":"test","appartement_nb_personne":{"$numberInt":"4"},"appartement_description":"test","__v":{"$numberInt":"0"}}
{"_id":{"$oid":"5dea72f9b7b48f700424414c"},"appartement_reservation":[],"appartement_id":"test","appartement_ville":"test","appartement_categorie":"test","appartement_nb_personne":{"$numberInt":"4"},"appartement_description":"test","__v":{"$numberInt":"0"}}
{"_id":{"$oid":"5dea7313b7b48f700424414d"},"appartement_reservation":[],"appartement_id":"test","appartement_ville":"test","appartement_categorie":"test","appartement_nb_personne":{"$numberInt":"4"},"appartement_description":"test","__v":{"$numberInt":"0"}}
{"_id":{"$oid":"5dea740bb7b48f700424414e"},"appartement_reservation":[],"appartement_id":"Code","appartement_ville":"Melun","appartement_categorie":"Maison","appartement_nb_personne":{"$numberInt":"5"},"appartement_description":"Melun maison pour 5 personnes","__v":{"$numberInt":"0"}}
{"_id":{"$oid":"5dea7446b7b48f700424414f"},"appartement_reservation":[],"appartement_id":"code2","appartement_ville":"Monaco","appartement_categorie":"Villa","appartement_nb_personne":{"$numberInt":"12"},"appartement_description":"Villa proche de la mer","__v":{"$numberInt":"0"}}
{"_id":{"$oid":"5dea74bdb7b48f7004244152"},"appartement_reservation":[],"appartement_id":"Code3","appartement_ville":"Combs","appartement_categorie":"Maison","appartement_nb_personne":{"$numberInt":"6"},"appartement_montant":{"$numberInt":"60"},"appartement_description":"La ","__v":{"$numberInt":"0"}}
