{"_id":{"$oid":"5de128cceed0c85e98b0071c"},"location_id":"1","location_date_debut":"29/11/2019","location_date_fin":"29/11/2019","__v":{"$numberInt":"0"}}
{"_id":{"$oid":"5de12b8d0546703678c9eefb"},"location_id":"1","location_date_debut":"29/11/2019","location_date_fin":"29/11/2019","location_id_appartement":{"$oid":"5de0ed687cd99b23c42c1e2d"},"__v":{"$numberInt":"0"}}
{"_id":{"$oid":"5de12b990546703678c9eefc"},"location_id":"1","location_date_debut":"29/11/2019","location_date_fin":"29/11/2019","location_id_appartement":{"$oid":"5de0ed687cd99b23c42c1e2d"},"__v":{"$numberInt":"0"}}
{"_id":{"$oid":"5de12cbabecca347f4a1fc9a"},"location_id":"1","location_date_debut":"29/11/2019","location_date_fin":"29/11/2019","location_id_appartement":{"$oid":"5de0ed687cd99b23c42c1e2d"},"__v":{"$numberInt":"0"}}
{"_id":{"$oid":"5de131c7ae076c1480705713"},"location_id":"1","location_date_debut":"29/11/2019","location_date_fin":"29/11/2019","location_id_appartement":{"$oid":"5de0ed687cd99b23c42c1e2d"},"__v":{"$numberInt":"0"}}
{"_id":{"$oid":"5de1322fc0d93751207807f9"},"location_id":"1","location_date_debut":"29/11/2019","location_date_fin":"29/11/2019","location_id_user":{"$oid":"5ddff675129e365588e7e68e"},"location_id_appartement":{"$oid":"5de0ed687cd99b23c42c1e2d"},"__v":{"$numberInt":"0"}}
{"_id":{"$oid":"5de1325ec0d93751207807fa"},"location_id":"1","location_date_debut":"29/11/2019","location_date_fin":"29/11/2019","location_id_user":{"$oid":"5ddff675129e365588e7e68e"},"location_id_appartement":{"$oid":"5de0ed687cd99b23c42c1e2d"},"__v":{"$numberInt":"0"}}
{"_id":{"$oid":"5de77a73144c624bdc008594"},"location_id":"1","location_date_debut":"29/11/2019","location_date_fin":"29/11/2019","location_id_user":{"$oid":"5ddff675129e365588e7e68e"},"location_id_appartement":{"$oid":"5de0ed687cd99b23c42c1e2d"},"__v":{"$numberInt":"0"}}
{"_id":{"$oid":"5de77f7d04d41a48a8fc5183"},"location_id":"1","location_date_debut":"29/11/2019","location_date_fin":"29/11/2019","location_id_user":{"$oid":"5ddff675129e365588e7e68e"},"location_id_appartement":{"$oid":"5de0ed687cd99b23c42c1e2d"},"__v":{"$numberInt":"0"}}
{"_id":{"$oid":"5de77fa504d41a48a8fc5184"},"location_id":"1","location_date_debut":"29/11/2019","location_date_fin":"29/11/2019","location_id_user":{"$oid":"5ddff675129e365588e7e68e"},"location_id_appartement":{"$oid":"5de0ed687cd99b23c42c1e2d"},"__v":{"$numberInt":"0"}}
{"_id":{"$oid":"5dea8720b7b48f7004244155"},"location_id":"8","location_date_debut":"28/12/2019","location_date_fin":"29/12/2019","location_id_user":{"$oid":"5ddff675129e365588e7e68e"},"location_id_appartement":{"$oid":"5de0ed687cd99b23c42c1e2d"},"__v":{"$numberInt":"0"}}
